{
  "Cu interface": {
    "best": 7.159399036757141,
    "index": 6,
    "integer": false,
    "label": "Cu interface",
    "mean": 7.046006709398161,
    "median": 7.057549703279799,
    "p68": [
      6.757766087392143,
      7.326924584035401
    ],
    "p68_range": [
      6.757766087392143,
      7.326924584035401
    ],
    "p95": [
      6.513786365422666,
      7.542688178437011
    ],
    "p95_range": [
      6.513786365422666,
      7.542688178437011
    ],
    "std": 0.2711025042502066
  },
  "Cu thickness": {
    "best": 500.5754950772565,
    "index": 7,
    "integer": false,
    "label": "Cu thickness",
    "mean": 500.56830895257775,
    "median": 500.57251303467797,
    "p68": [
      500.25714881443065,
      500.8746039391368
    ],
    "p68_range": [
      500.25714881443065,
      500.8746039391368
    ],
    "p95": [
      499.97575169343287,
      501.14683881882723
    ],
    "p95_range": [
      499.97575169343287,
      501.14683881882723
    ],
    "std": 0.303123048043148
  },
  "THF interface": {
    "best": 22.150088654228373,
    "index": 2,
    "integer": false,
    "label": "THF interface",
    "mean": 22.032211812808544,
    "median": 22.037119531533524,
    "p68": [
      21.356397403392467,
      22.705239373441344
    ],
    "p68_range": [
      21.356397403392467,
      22.705239373441344
    ],
    "p95": [
      20.698529483425382,
      23.330088633985543
    ],
    "p95_range": [
      20.698529483425382,
      23.330088633985543
    ],
    "std": 0.6757227203334506
  },
  "Ti interface": {
    "best": 2.1271414296046447,
    "index": 8,
    "integer": false,
    "label": "Ti interface",
    "mean": 2.290978014639415,
    "median": 2.3065994879410163,
    "p68": [
      1.7460760133099056,
      2.835133543514912
    ],
    "p68_range": [
      1.7460760133099056,
      2.835133543514912
    ],
    "p95": [
      1.2373049440776145,
      3.258605989668385
    ],
    "p95_range": [
      1.2373049440776145,
      3.258605989668385
    ],
    "std": 0.5216463314553412
  },
  "Ti rho": {
    "best": -2.6532233970294294,
    "index": 9,
    "integer": false,
    "label": "Ti rho",
    "mean": -2.634512398928777,
    "median": -2.6344383912521043,
    "p68": [
      -2.6769582312514344,
      -2.5909265100194614
    ],
    "p68_range": [
      -2.6769582312514344,
      -2.5909265100194614
    ],
    "p95": [
      -2.718586346300167,
      -2.554102026216929
    ],
    "p95_range": [
      -2.718586346300167,
      -2.554102026216929
    ],
    "std": 0.04226046045507341
  },
  "Ti thickness": {
    "best": 35.85265085757445,
    "index": 10,
    "integer": false,
    "label": "Ti thickness",
    "mean": 35.878919398425644,
    "median": 35.8769685873575,
    "p68": [
      35.70582826781542,
      36.052959289214776
    ],
    "p68_range": [
      35.70582826781542,
      36.052959289214776
    ],
    "p95": [
      35.54264011750486,
      36.215688710707376
    ],
    "p95_range": [
      35.54264011750486,
      36.215688710707376
    ],
    "std": 0.17146257953631738
  },
  "intensity": {
    "best": 0.9500259635874495,
    "index": 1,
    "integer": false,
    "label": "intensity",
    "mean": 0.9503305227916292,
    "median": 0.9502381004840935,
    "p68": [
      0.9500571600793153,
      0.9506204943557638
    ],
    "p68_range": [
      0.9500571600793153,
      0.9506204943557638
    ],
    "p95": [
      0.9500080295729999,
      0.9511480200703805
    ],
    "p95_range": [
      0.9500080295729999,
      0.9511480200703805
    ],
    "std": 0.00030804083917685906
  },
  "material interface": {
    "best": 11.712021490614102,
    "index": 3,
    "integer": false,
    "label": "material interface",
    "mean": 11.59425452804023,
    "median": 11.601027263148236,
    "p68": [
      11.196579787671237,
      11.989942668573814
    ],
    "p68_range": [
      11.196579787671237,
      11.989942668573814
    ],
    "p95": [
      10.786605054515928,
      12.373012063328941
    ],
    "p95_range": [
      10.786605054515928,
      12.373012063328941
    ],
    "std": 0.4006956226388438
  },
  "material rho": {
    "best": 5.001253203656537,
    "index": 4,
    "integer": false,
    "label": "material rho",
    "mean": 5.006046532147737,
    "median": 5.0042735228998625,
    "p68": [
      5.001020521319514,
      5.0112204746350635
    ],
    "p68_range": [
      5.001020521319514,
      5.0112204746350635
    ],
    "p95": [
      5.000149932971434,
      5.021804778223484
    ],
    "p95_range": [
      5.000149932971434,
      5.021804778223484
    ],
    "std": 0.005969828749489193
  },
  "material thickness": {
    "best": 60.99343492342506,
    "index": 5,
    "integer": false,
    "label": "material thickness",
    "mean": 60.93526442610505,
    "median": 60.910357341166694,
    "p68": [
      60.26485082040074,
      61.59899198293003
    ],
    "p68_range": [
      60.26485082040074,
      61.59899198293003
    ],
    "p95": [
      59.69405249147606,
      62.33672471055902
    ],
    "p95_range": [
      59.69405249147606,
      62.33672471055902
    ],
    "std": 0.6740581252612737
  }
}