{
  "Cu interface": {
    "best": 12.726083584692542,
    "index": 19,
    "integer": false,
    "label": "Cu interface",
    "mean": 12.774517161226761,
    "median": 12.773294067711376,
    "p68": [
      12.640140871984894,
      12.912634444982384
    ],
    "p68_range": [
      12.640140871984894,
      12.912634444982384
    ],
    "p95": [
      12.51476321022596,
      13.041932115131024
    ],
    "p95_range": [
      12.51476321022596,
      13.041932115131024
    ],
    "std": 0.13567060720954371
  },
  "Cu rho": {
    "best": 6.307888219405461,
    "index": 8,
    "integer": false,
    "label": "Cu rho",
    "mean": 6.302730625644448,
    "median": 6.302648636716435,
    "p68": [
      6.299658180308708,
      6.305848590744327
    ],
    "p68_range": [
      6.299658180308708,
      6.305848590744327
    ],
    "p95": [
      6.296750883864496,
      6.309071408934658
    ],
    "p95_range": [
      6.296750883864496,
      6.309071408934658
    ],
    "std": 0.00312080740605599
  },
  "Cu thickness": {
    "best": 509.3040713663268,
    "index": 20,
    "integer": false,
    "label": "Cu thickness",
    "mean": 509.3212117087199,
    "median": 509.28698991644836,
    "p68": [
      508.8057779275231,
      509.8346525719719
    ],
    "p68_range": [
      508.8057779275231,
      509.8346525719719
    ],
    "p95": [
      508.41855968279896,
      510.4251754223505
    ],
    "p95_range": [
      508.41855968279896,
      510.4251754223505
    ],
    "std": 0.5180940983009951
  },
  "Cu thickness tNR 0": {
    "best": 511.2120338783581,
    "index": 26,
    "integer": false,
    "label": "Cu thickness tNR 0",
    "mean": 511.2516711362227,
    "median": 511.2957462097966,
    "p68": [
      509.8776085213023,
      512.6889363220117
    ],
    "p68_range": [
      509.8776085213023,
      512.6889363220117
    ],
    "p95": [
      508.0674419765789,
      514.0442792271092
    ],
    "p95_range": [
      508.0674419765789,
      514.0442792271092
    ],
    "std": 1.5248207203800404
  },
  "Cu thickness tNR 1": {
    "best": 511.9999020138051,
    "index": 27,
    "integer": false,
    "label": "Cu thickness tNR 1",
    "mean": 510.72972299049087,
    "median": 510.7389114184359,
    "p68": [
      509.40282403256924,
      512.1332787749562
    ],
    "p68_range": [
      509.40282403256924,
      512.1332787749562
    ],
    "p95": [
      507.56021401843606,
      513.5331186915365
    ],
    "p95_range": [
      507.56021401843606,
      513.5331186915365
    ],
    "std": 1.4584266258739227
  },
  "Cu thickness tNR 10": {
    "best": 522.2116418166232,
    "index": 36,
    "integer": false,
    "label": "Cu thickness tNR 10",
    "mean": 521.7493448602413,
    "median": 521.7353599570055,
    "p68": [
      520.4775673311971,
      523.0582247011475
    ],
    "p68_range": [
      520.4775673311971,
      523.0582247011475
    ],
    "p95": [
      519.0961872901811,
      524.3711702624693
    ],
    "p95_range": [
      519.0961872901811,
      524.3711702624693
    ],
    "std": 1.335263413175469
  },
  "Cu thickness tNR 11": {
    "best": 520.8570194782086,
    "index": 37,
    "integer": false,
    "label": "Cu thickness tNR 11",
    "mean": 520.7936469169078,
    "median": 520.7900330113223,
    "p68": [
      519.576461570878,
      522.0213197417737
    ],
    "p68_range": [
      519.576461570878,
      522.0213197417737
    ],
    "p95": [
      518.4238378312781,
      523.1273570253704
    ],
    "p95_range": [
      518.4238378312781,
      523.1273570253704
    ],
    "std": 1.2063845206835486
  },
  "Cu thickness tNR 12": {
    "best": 519.3802685021026,
    "index": 38,
    "integer": false,
    "label": "Cu thickness tNR 12",
    "mean": 520.7462167082199,
    "median": 520.7328821437131,
    "p68": [
      519.4888631439893,
      522.0304863140731
    ],
    "p68_range": [
      519.4888631439893,
      522.0304863140731
    ],
    "p95": [
      518.2718690371277,
      523.2859610306099
    ],
    "p95_range": [
      518.2718690371277,
      523.2859610306099
    ],
    "std": 1.2747420766523072
  },
  "Cu thickness tNR 13": {
    "best": 515.9644976197777,
    "index": 39,
    "integer": false,
    "label": "Cu thickness tNR 13",
    "mean": 516.2199213430897,
    "median": 516.1903620502077,
    "p68": [
      514.9713471172727,
      517.5014910567621
    ],
    "p68_range": [
      514.9713471172727,
      517.5014910567621
    ],
    "p95": [
      513.6631564743869,
      518.7730523455267
    ],
    "p95_range": [
      513.6631564743869,
      518.7730523455267
    ],
    "std": 1.291092166101836
  },
  "Cu thickness tNR 14": {
    "best": 519.7534634608658,
    "index": 40,
    "integer": false,
    "label": "Cu thickness tNR 14",
    "mean": 520.0016887688968,
    "median": 519.9876539711347,
    "p68": [
      518.7079548298577,
      521.311969475078
    ],
    "p68_range": [
      518.7079548298577,
      521.311969475078
    ],
    "p95": [
      517.4228191508657,
      522.5757478542718
    ],
    "p95_range": [
      517.4228191508657,
      522.5757478542718
    ],
    "std": 1.3083597096722017
  },
  "Cu thickness tNR 2": {
    "best": 511.31245968208225,
    "index": 28,
    "integer": false,
    "label": "Cu thickness tNR 2",
    "mean": 510.813544409384,
    "median": 510.84446445221727,
    "p68": [
      509.50860115259246,
      512.1494892295322
    ],
    "p68_range": [
      509.50860115259246,
      512.1494892295322
    ],
    "p95": [
      507.970130462346,
      513.5219533540021
    ],
    "p95_range": [
      507.970130462346,
      513.5219533540021
    ],
    "std": 1.4047584030398852
  },
  "Cu thickness tNR 3": {
    "best": 515.6425590518205,
    "index": 29,
    "integer": false,
    "label": "Cu thickness tNR 3",
    "mean": 514.9612602576645,
    "median": 514.9746907507414,
    "p68": [
      513.6404849731267,
      516.2850453432835
    ],
    "p68_range": [
      513.6404849731267,
      516.2850453432835
    ],
    "p95": [
      512.251163990127,
      517.6288698877875
    ],
    "p95_range": [
      512.251163990127,
      517.6288698877875
    ],
    "std": 1.373431026362824
  },
  "Cu thickness tNR 4": {
    "best": 516.3311508260304,
    "index": 30,
    "integer": false,
    "label": "Cu thickness tNR 4",
    "mean": 515.9752876360517,
    "median": 515.9797935572568,
    "p68": [
      514.6167161448957,
      517.3452574775945
    ],
    "p68_range": [
      514.6167161448957,
      517.3452574775945
    ],
    "p95": [
      513.1023039472811,
      518.6758926045858
    ],
    "p95_range": [
      513.1023039472811,
      518.6758926045858
    ],
    "std": 1.395554110530844
  },
  "Cu thickness tNR 5": {
    "best": 518.1803115288237,
    "index": 31,
    "integer": false,
    "label": "Cu thickness tNR 5",
    "mean": 518.5975032939184,
    "median": 518.5944625638504,
    "p68": [
      517.2864832114891,
      519.9356049685383
    ],
    "p68_range": [
      517.2864832114891,
      519.9356049685383
    ],
    "p95": [
      515.978108529898,
      521.0905646982424
    ],
    "p95_range": [
      515.978108529898,
      521.0905646982424
    ],
    "std": 1.3072018858424228
  },
  "Cu thickness tNR 6": {
    "best": 519.0392463930051,
    "index": 32,
    "integer": false,
    "label": "Cu thickness tNR 6",
    "mean": 518.9701308017874,
    "median": 519.0041843696396,
    "p68": [
      517.649385078752,
      520.3105004503321
    ],
    "p68_range": [
      517.649385078752,
      520.3105004503321
    ],
    "p95": [
      516.3140408145848,
      521.4314174518701
    ],
    "p95_range": [
      516.3140408145848,
      521.4314174518701
    ],
    "std": 1.320199213534574
  },
  "Cu thickness tNR 7": {
    "best": 518.2505955086873,
    "index": 33,
    "integer": false,
    "label": "Cu thickness tNR 7",
    "mean": 518.5920484021609,
    "median": 518.6345063679125,