{
  "Cu interface": {
    "best": 18.343057353054,
    "index": 16,
    "integer": false,
    "label": "Cu interface",
    "mean": 18.161835967705642,
    "median": 18.164239988754503,
    "p68": [
      17.957018340406396,
      18.371149676650546
    ],
    "p68_range": [
      17.957018340406396,
      18.371149676650546
    ],
    "p95": [
      17.741743461911426,
      18.564339538199246
    ],
    "p95_range": [
      17.741743461911426,
      18.564339538199246
    ],
    "std": 0.2096941494623059
  },
  "Cu rho": {
    "best": 6.249271495197334,
    "index": 17,
    "integer": false,
    "label": "Cu rho",
    "mean": 6.2516797516956695,
    "median": 6.250602058171328,
    "p68": [
      6.249359074350284,
      6.253884208838246
    ],
    "p68_range": [
      6.249359074350284,
      6.253884208838246
    ],
    "p95": [
      6.249056350486652,
      6.260747198250916
    ],
    "p95_range": [
      6.249056350486652,
      6.260747198250916
    ],
    "std": 0.0032618176180442353
  },
  "Cu thickness": {
    "best": 135.01136808797537,
    "index": 18,
    "integer": false,
    "label": "Cu thickness",
    "mean": 135.02464402433623,
    "median": 135.01470313452796,
    "p68": [
      135.00363710239785,
      135.04592459972187
    ],
    "p68_range": [
      135.00363710239785,
      135.04592459972187
    ],
    "p95": [
      135.00048442525207,
      135.10569115133538
    ],
    "p95_range": [
      135.00048442525207,
      135.10569115133538
    ],
    "std": 0.029106381858700375
  },
  "CuOx interface": {
    "best": 8.998921600031967,
    "index": 13,
    "integer": false,
    "label": "CuOx interface",
    "mean": 8.697096381250828,
    "median": 8.87842777381889,
    "p68": [
      8.623109427906302,
      8.97077951200873
    ],
    "p68_range": [
      8.623109427906302,
      8.97077951200873
    ],
    "p95": [
      6.831046299580071,
      8.996113907029772
    ],
    "p95_range": [
      6.831046299580071,
      8.996113907029772
    ],
    "std": 0.7042005325763316
  },
  "CuOx rho": {
    "best": 5.409096296590083,
    "index": 14,
    "integer": false,
    "label": "CuOx rho",
    "mean": 5.439158902161112,
    "median": 5.418565241134049,
    "p68": [
      5.404488724758919,
      5.454967710862921
    ],
    "p68_range": [
      5.404488724758919,
      5.454967710862921
    ],
    "p95": [
      5.400696500164674,
      5.566767618598356
    ],
    "p95_range": [
      5.400696500164674,
      5.566767618598356
    ],
    "std": 0.08722292753571155
  },
  "CuOx thickness": {
    "best": 5.006664235407063,
    "index": 15,
    "integer": false,
    "label": "CuOx thickness",
    "mean": 5.02785648484553,
    "median": 5.018083725173372,
    "p68": [
      5.004152434286743,
      5.049413544084701
    ],
    "p68_range": [
      5.004152434286743,
      5.049413544084701
    ],
    "p95": [
      5.00045154360796,
      5.103931175432168
    ],
    "p95_range": [
      5.00045154360796,
      5.103931175432168
    ],
    "std": 0.03604290176097832
  },
  "H2O rho": {
    "best": 6.124124079037701,
    "index": 3,
    "integer": false,
    "label": "H2O rho",
    "mean": 6.1315612449707855,
    "median": 6.130459812418246,
    "p68": [
      6.1125837670523815,
      6.150116119517781
    ],
    "p68_range": [
      6.1125837670523815,
      6.150116119517781
    ],
    "p95": [
      6.1018496660574195,
      6.1705697343322825
    ],
    "p95_range": [
      6.1018496660574195,
      6.1705697343322825
    ],
    "std": 0.017962345660391555
  },
  "Intensity 1": {
    "best": 0.8501709209283232,
    "index": 1,
    "integer": false,
    "label": "Intensity 1",
    "mean": 0.8505257648865459,
    "median": 0.8503180775283575,
    "p68": [
      0.8500712086250063,
      0.8509178967088655
    ],
    "p68_range": [
      0.8500712086250063,
      0.8509178967088655
    ],
    "p95": [
      0.8500099043960503,
      0.8522508891265819
    ],
    "p95_range": [
      0.8500099043960503,
      0.8522508891265819
    ],
    "std": 0.000685343498966379
  },
  "Intensity 2": {
    "best": 0.8046258399611786,
    "index": 25,
    "integer": false,
    "label": "Intensity 2",
    "mean": 0.8065710708547107,
    "median": 0.8050591040035775,
    "p68": [
      0.801262894291379,
      0.8122461002506655
    ],
    "p68_range": [
      0.801262894291379,
      0.8122461002506655
    ],
    "p95": [
      0.8001810867706693,
      0.8212468126137241
    ],
    "p95_range": [
      0.8001810867706693,
      0.8212468126137241
    ],
    "std": 0.0056805655133925406
  },
  "Intensity 3": {
    "best": 0.8246113641484051,
    "index": 26,
    "integer": false,
    "label": "Intensity 3",
    "mean": 0.8241792555447205,
    "median": 0.8260256281751154,
    "p68": [
      0.8185402732926252,
      0.8291466315651816
    ],
    "p68_range": [
      0.8185402732926252,
      0.8291466315651816
    ],
    "p95": [
      0.8090800573816314,
      0.8298327896272273
    ],
    "p95_range": [
      0.8090800573816314,
      0.8298327896272273
    ],
    "std": 0.005599483236036069
  },
  "SL1 interface": {
    "best": 9.992675359626988,
    "index": 10,
    "integer": false,
    "label": "SL1 interface",
    "mean": 9.972275755534433,
    "median": 9.981429218427248,
    "p68": [
      9.94872763465561,
      9.99566127267192
    ],
    "p68_range": [
      9.94872763465561,
      9.99566127267192
    ],
    "p95": [
      9.893546107361617,
      9.999474432941373
    ],
    "p95_range": [
      9.893546107361617,
      9.999474432941373
    ],
    "std": 0.029578842729976757
  },
  "SL1 rho": {
    "best": 0.0030798976818609807,
    "index": 11,
    "integer": false,
    "label": "SL1 rho",
    "mean": 0.034126180510545015,
    "median": 0.022897968876055448,
    "p68": [
      0.005112064117743394,
      0.06577654233699656
    ],
    "p68_range": [
      0.005112064117743394,
      0.06577654233699656
    ],
    "p95": [
      0.0006964965817084549,
      0.12675048021097668
    ],
    "p95_range": [
      0.0006964965817084549,
      0.12675048021097668
    ],
    "std": 0.03476611812648459
  },
  "SL1 thickness": {
    "best": 6.463588402398977,
    "index": 12,
    "integer": false,
    "label": "SL1 thickness",
    "mean": 6.668612061646414,
    "median": 6.663900847847863,
    "p68": [
      6.407834319698751,
      6.917342067934177
    ],
    "p68_range": [
      6.407834319698751,
      6.917342067934177
    ],
    "p95": [
      6.147196581693011,
      7.21363645882526
    ],
    "p95_range": [
      6.147196581693011,
      7.21363645882526
    ],
    "std": 0.2664980244996873
  },
  "SL2 interface": {
    "best": 74.92524048244125,
    "index": 4,
    "integer": false,
    "label": "SL2 interface",
    "mean": 74.87906900960783,
    "median": 74.91906044248698,
    "p68": [
      74.78747646784309,
      74.97896009582773
    ],
    "p68_range": [
      74.78747646784309,
      74.97896009582773
    ],
    "p95": [
      74.53957685786969,
      74.99679986028703
    ],
    "p95_range": [
      74.53957685786969,
      74.99679986028703
    ],
    "std": 0.14192273436516067
  },
  "SL2 rho": {
    "best": 5.241989046368486,
    "index": 5,
    "integer": false,
    "label": "SL2 rho",
    "mean": 5.256851526961984,
    "median": 5.255014277389417,
    "p68": [
      5.234182334138645,
      5.281105361068354
    ],
    "p68_range": [
      5.234182334138645,
      5.281105361068354
    ],
    "p95": [
      5.2160138851607725,
      5.306565729772747
    ],
    "p95_range": [
      5.2160138851607725,
      5.306565729772747
    ],
    "std": 0.023074801828712445
  },
  "SL2 thickness": {
    "best": 193.75618687254735,
    "index": 6,
    "integer": false,
    "label": "SL2 thickness",
    "mean": 193.05463142958652,
    "median": 193.0667632513283,
    "p68": [
      191.77641769856533,
      194.34592324370902
    ],
    "p68_range": [
      191.77641769856533,
      194.34592324370902
    ],