{
  "Cu interface": {
    "best": 9.480215378241097,
    "index": 6,
    "integer": false,
    "label": "Cu interface",
    "mean": 8.968704631616644,
    "median": 9.447408630289537,
    "p68": [
      9.085034645540517,
      9.643249707004436
    ],
    "p68_range": [
      9.085034645540517,
      9.643249707004436
    ],
    "p95": [
      5.736235753101907,
      9.821731690609445
    ],
    "p95_range": [
      5.736235753101907,
      9.821731690609445
    ],
    "std": 1.2680317681014392
  },
  "Cu thickness": {
    "best": 500.8819915526622,
    "index": 7,
    "integer": false,
    "label": "Cu thickness",
    "mean": 500.57114275411783,
    "median": 500.74272636743,
    "p68": [
      500.1383037045587,
      501.071907733874
    ],
    "p68_range": [
      500.1383037045587,
      501.071907733874
    ],
    "p95": [
      498.9309284899306,
      501.3658602879478
    ],
    "p95_range": [
      498.9309284899306,
      501.3658602879478
    ],
    "std": 0.6356737684360286
  },
  "THF interface": {
    "best": 24.25006268713638,
    "index": 2,
    "integer": false,
    "label": "THF interface",
    "mean": 23.62666514680134,
    "median": 23.68692311580178,
    "p68": [
      22.85153985925282,
      24.423763901003554
    ],
    "p68_range": [
      22.85153985925282,
      24.423763901003554
    ],
    "p95": [
      22.0208946062753,
      24.883622791655455
    ],
    "p95_range": [
      22.0208946062753,
      24.883622791655455
    ],
    "std": 0.759154030837898
  },
  "Ti interface": {
    "best": 1.3329001691622615,
    "index": 8,
    "integer": false,
    "label": "Ti interface",
    "mean": 1.9824171487448958,
    "median": 1.386934873852239,
    "p68": [
      1.0960717578521313,
      2.1058301842558045
    ],
    "p68_range": [
      1.0960717578521313,
      2.1058301842558045
    ],
    "p95": [
      1.015533083148867,
      5.9062685779620905
    ],
    "p95_range": [
      1.015533083148867,
      5.9062685779620905
    ],
    "std": 1.5160604517342582
  },
  "Ti rho": {
    "best": -2.644068301614148,
    "index": 9,
    "integer": false,
    "label": "Ti rho",
    "mean": -2.5638561009887035,
    "median": -2.6320878322648658,
    "p68": [
      -2.6827990446311105,
      -2.542094955178592
    ],
    "p68_range": [
      -2.6827990446311105,
      -2.542094955178592
    ],
    "p95": [
      -2.729098281205926,
      -2.067681166429704
    ],
    "p95_range": [
      -2.729098281205926,
      -2.067681166429704
    ],
    "std": 0.19529704164328907
  },
  "Ti thickness": {
    "best": 35.09239287143779,
    "index": 10,
    "integer": false,
    "label": "Ti thickness",
    "mean": 35.46183158695169,
    "median": 35.175925762516144,
    "p68": [
      34.96588287861856,
      35.563425177608394
    ],
    "p68_range": [
      34.96588287861856,
      35.563425177608394
    ],
    "p95": [
      34.77979120481004,
      37.582918065081124
    ],
    "p95_range": [
      34.77979120481004,
      37.582918065081124
    ],
    "std": 0.8142694984281444
  },
  "intensity": {
    "best": 0.9500065112606003,
    "index": 1,
    "integer": false,
    "label": "intensity",
    "mean": 0.9501765237766888,
    "median": 0.9500971456723272,
    "p68": [
      0.9500246402366256,
      0.9502617346470091
    ],
    "p68_range": [
      0.9500246402366256,
      0.9502617346470091
    ],
    "p95": [
      0.9500037978107266,
      0.950559655252409
    ],
    "p95_range": [
      0.9500037978107266,
      0.950559655252409
    ],
    "std": 0.00047160053940749526
  },
  "material interface": {
    "best": 10.728105770340662,
    "index": 3,
    "integer": false,
    "label": "material interface",
    "mean": 10.794656986470736,
    "median": 10.784963102514874,
    "p68": [
      10.263600021760283,
      11.312831493807728
    ],
    "p68_range": [
      10.263600021760283,
      11.312831493807728
    ],
    "p95": [
      9.781878814581653,
      11.88967982922625
    ],
    "p95_range": [
      9.781878814581653,
      11.88967982922625
    ],
    "std": 0.5361792015458281
  },
  "material rho": {
    "best": 5.001202316835429,
    "index": 4,
    "integer": false,
    "label": "material rho",
    "mean": 5.008076723093926,
    "median": 5.005572367646837,
    "p68": [
      5.0013340101310755,
      5.015390847956631
    ],
    "p68_range": [
      5.0013340101310755,
      5.015390847956631
    ],
    "p95": [
      5.000179825601862,
      5.0286928968609
    ],
    "p95_range": [
      5.000179825601862,
      5.0286928968609
    ],
    "std": 0.007742624085920297
  },
  "material thickness": {
    "best": 60.01398226143897,
    "index": 5,
    "integer": false,
    "label": "material thickness",
    "mean": 60.49245897923036,
    "median": 60.453449613927106,
    "p68": [
      59.73393687956535,
      61.25362562048581
    ],
    "p68_range": [
      59.73393687956535,
      61.25362562048581
    ],
    "p95": [
      59.08480897264455,
      62.12976608416306
    ],
    "p95_range": [
      59.08480897264455,
      62.12976608416306
    ],
    "std": 0.7671551000099194
  }
}