{
  "Cu interface": {
    "best": 6.239679694426021,
    "index": 7,
    "integer": false,
    "label": "Cu interface",
    "mean": 6.221355280543678,
    "median": 6.218852241386672,
    "p68": [
      6.049451358775658,
      6.392883871121535
    ],
    "p68_range": [
      6.049451358775658,
      6.392883871121535
    ],
    "p95": [
      5.895781812263756,
      6.554372776730042
    ],
    "p95_range": [
      5.895781812263756,
      6.554372776730042
    ],
    "std": 0.17020279986362302
  },
  "Cu rho": {
    "best": 6.344124585351951,
    "index": 8,
    "integer": false,
    "label": "Cu rho",
    "mean": 6.341144778952428,
    "median": 6.341209205297808,
    "p68": [
      6.336840757636009,
      6.345421894917426
    ],
    "p68_range": [
      6.336840757636009,
      6.345421894917426
    ],
    "p95": [
      6.3325562370182755,
      6.349382342504894
    ],
    "p95_range": [
      6.3325562370182755,
      6.349382342504894
    ],
    "std": 0.004278893870309567
  },
  "Cu thickness": {
    "best": 499.99612327387655,
    "index": 9,
    "integer": false,
    "label": "Cu thickness",
    "mean": 500.28376254973296,
    "median": 500.2730068287584,
    "p68": [
      499.74248424371217,
      500.82553169583883
    ],
    "p68_range": [
      499.74248424371217,
      500.82553169583883
    ],
    "p95": [
      499.2407218877308,
      501.3846596409541
    ],
    "p95_range": [
      499.2407218877308,
      501.3846596409541
    ],
    "std": 0.5449368741140841
  },
  "THF interface": {
    "best": 24.85641226478523,
    "index": 2,
    "integer": false,
    "label": "THF interface",
    "mean": 24.491546064806897,
    "median": 24.61868321768809,
    "p68": [
      24.048007020774605,
      24.91137679568352
    ],
    "p68_range": [
      24.048007020774605,
      24.91137679568352
    ],
    "p95": [
      23.30122663619072,
      24.987208844339378
    ],
    "p95_range": [
      23.30122663619072,
      24.987208844339378
    ],
    "std": 0.4599654034875646
  },
  "THF rho": {
    "best": 6.001567307822118,
    "index": 3,
    "integer": false,
    "label": "THF rho",
    "mean": 5.997617001428274,
    "median": 5.998110284699077,
    "p68": [
      5.9924030336104535,
      6.00304563204065
    ],
    "p68_range": [
      5.9924030336104535,
      6.00304563204065
    ],
    "p95": [
      5.985448008022547,
      6.006550481629106
    ],
    "p95_range": [
      5.985448008022547,
      6.006550481629106
    ],
    "std": 0.005376250961462749
  },
  "Ti interface": {
    "best": 1.6900323625811022,
    "index": 10,
    "integer": false,
    "label": "Ti interface",
    "mean": 1.6588193332463252,
    "median": 1.6445819368265349,
    "p68": [
      1.243189029570174,
      2.0643784252841586
    ],
    "p68_range": [
      1.243189029570174,
      2.0643784252841586
    ],
    "p95": [
      1.0384680196274718,
      2.3894159576912744
    ],
    "p95_range": [
      1.0384680196274718,
      2.3894159576912744
    ],
    "std": 0.37359861358367824
  },
  "Ti rho": {
    "best": -2.6919550397058716,
    "index": 11,
    "integer": false,
    "label": "Ti rho",
    "mean": -2.682594521516484,
    "median": -2.6816763341440115,
    "p68": [
      -2.712439564297644,
      -2.6528735452626955
    ],
    "p68_range": [
      -2.712439564297644,
      -2.6528735452626955
    ],
    "p95": [
      -2.7444474694162646,
      -2.626080096437591
    ],
    "p95_range": [
      -2.7444474694162646,
      -2.626080096437591
    ],
    "std": 0.03011152616387977
  },
  "Ti thickness": {
    "best": 35.377296248750596,
    "index": 12,
    "integer": false,
    "label": "Ti thickness",
    "mean": 35.39492100329867,
    "median": 35.39720184828039,
    "p68": [
      35.27821092480002,
      35.510229463716776
    ],
    "p68_range": [
      35.27821092480002,
      35.510229463716776
    ],
    "p95": [
      35.16312293679926,
      35.61713599638038
    ],
    "p95_range": [
      35.16312293679926,
      35.61713599638038
    ],
    "std": 0.11594732599161899
  },
  "intensity": {
    "best": 0.9888082269807441,
    "index": 1,
    "integer": false,
    "label": "intensity",
    "mean": 0.9912549636988369,
    "median": 0.9911980591448405,
    "p68": [
      0.9882206552278121,
      0.9942748852029106
    ],
    "p68_range": [
      0.9882206552278121,
      0.9942748852029106
    ],
    "p95": [
      0.9854263283355335,
      0.9972960298494232
    ],
    "p95_range": [
      0.9854263283355335,
      0.9972960298494232
    ],
    "std": 0.0030144584866648593
  },
  "material interface": {
    "best": 13.3962396080164,
    "index": 4,
    "integer": false,
    "label": "material interface",
    "mean": 13.648251901688194,
    "median": 13.63845328529199,
    "p68": [
      13.112636555448393,
      14.183432118185221
    ],
    "p68_range": [
      13.112636555448393,
      14.183432118185221
    ],
    "p95": [
      12.601460937904015,
      14.718121110768335
    ],
    "p95_range": [
      12.601460937904015,
      14.718121110768335
    ],
    "std": 0.535517290666821
  },
  "material rho": {
    "best": 4.915982106790834,
    "index": 5,
    "integer": false,
    "label": "material rho",
    "mean": 4.888777648639323,
    "median": 4.890193056285595,
    "p68": [
      4.850680089575024,
      4.9269967844775895
    ],
    "p68_range": [
      4.850680089575024,
      4.9269967844775895
    ],
    "p95": [
      4.807919296666261,
      4.963043776854398
    ],
    "p95_range": [
      4.807919296666261,
      4.963043776854398
    ],
    "std": 0.039348897220452844
  },
  "material thickness": {
    "best": 53.72414092654588,
    "index": 6,
    "integer": false,
    "label": "material thickness",
    "mean": 52.58240019384696,
    "median": 52.59460380404709,
    "p68": [
      50.8527739445327,
      54.310004298951824
    ],
    "p68_range": [
      50.8527739445327,
      54.310004298951824
    ],
    "p95": [
      49.05723616505022,
      55.95781654014764
    ],
    "p95_range": [
      49.05723616505022,
      55.95781654014764
    ],
    "std": 1.7528697833933262
  }
}