{
  "Intensity 1": {
    "best": 0.9646937691374625,
    "index": 1,
    "integer": false,
    "label": "Intensity 1",
    "mean": 0.9640531461490309,
    "median": 0.9656677316007374,
    "p68": [
      0.9509703404902188,
      0.9760096078015922
    ],
    "p68_range": [
      0.9509703404902188,
      0.9760096078015922
    ],
    "p95": [
      0.9363038384876123,
      0.9850542641921927
    ],
    "p95_range": [
      0.9363038384876123,
      0.9850542641921927
    ],
    "std": 0.01256318687497804
  },
  "Intensity 2": {
    "best": 0.9203053250010979,
    "index": 12,
    "integer": false,
    "label": "Intensity 2",
    "mean": 0.9200506161702389,
    "median": 0.9219495367967132,
    "p68": [
      0.9063155791782084,
      0.9321632635043996
    ],
    "p68_range": [
      0.9063155791782084,
      0.9321632635043996
    ],
    "p95": [
      0.8921442146045616,
      0.9405803691013435
    ],
    "p95_range": [
      0.8921442146045616,
      0.9405803691013435
    ],
    "std": 0.012741646905575865
  },
  "Intensity 3": {
    "best": 0.9455545608894461,
    "index": 13,
    "integer": false,
    "label": "Intensity 3",
    "mean": 0.9426599407481336,
    "median": 0.9438618541117925,
    "p68": [
      0.9267782169501172,
      0.9587039398235749
    ],
    "p68_range": [
      0.9267782169501172,
      0.9587039398235749
    ],
    "p95": [
      0.9090404674791691,
      0.9715603341211191
    ],
    "p95_range": [
      0.9090404674791691,
      0.9715603341211191
    ],
    "std": 0.016082285812401228
  },
  "Pt interface": {
    "best": 9.965305191378482,
    "index": 6,
    "integer": false,
    "label": "Pt interface",
    "mean": 9.935609715385949,
    "median": 9.953070825924089,
    "p68": [
      9.878356187896596,
      9.988776281767754
    ],
    "p68_range": [
      9.878356187896596,
      9.988776281767754
    ],
    "p95": [
      9.781692471384202,
      9.997950731238104
    ],
    "p95_range": [
      9.781692471384202,
      9.997950731238104
    ],
    "std": 0.05904774920725485
  },
  "Pt rho": {
    "best": 6.241475334089601,
    "index": 7,
    "integer": false,
    "label": "Pt rho",
    "mean": 6.249572890202409,
    "median": 6.24096456511587,
    "p68": [
      6.217354063587639,
      6.284746592598774
    ],
    "p68_range": [
      6.217354063587639,
      6.284746592598774
    ],
    "p95": [
      6.2108287633276476,
      6.33012995635936
    ],
    "p95_range": [
      6.2108287633276476,
      6.33012995635936
    ],
    "std": 0.03240164999063675
  },
  "Pt thickness": {
    "best": 147.79396654697413,
    "index": 8,
    "integer": false,
    "label": "Pt thickness",
    "mean": 147.70027532833464,
    "median": 147.71074517387504,
    "p68": [
      147.50625430185946,
      147.8850776544117
    ],
    "p68_range": [
      147.50625430185946,
      147.8850776544117
    ],
    "p95": [
      147.29091080083884,
      148.07199983805762
    ],
    "p95_range": [
      147.29091080083884,
      148.07199983805762
    ],
    "std": 0.19596120637945807
  },
  "Ti interface": {
    "best": 3.340747571622881,
    "index": 9,
    "integer": false,
    "label": "Ti interface",
    "mean": 3.1712131602127234,
    "median": 3.198625462632948,
    "p68": [
      2.9113802944165377,
      3.4309093337094403
    ],
    "p68_range": [
      2.9113802944165377,
      3.4309093337094403
    ],
    "p95": [
      2.559734986889355,
      3.63647805356849
    ],
    "p95_range": [
      2.559734986889355,
      3.63647805356849
    ],
    "std": 0.26688217867363767
  },
  "Ti rho": {
    "best": -3.894404274304823,
    "index": 10,
    "integer": false,
    "label": "Ti rho",
    "mean": -3.8632229047030346,
    "median": -3.8670724794838622,
    "p68": [
      -3.946245908995749,
      -3.7828329370533287
    ],
    "p68_range": [
      -3.946245908995749,
      -3.7828329370533287
    ],
    "p95": [
      -3.9938993117036254,
      -3.6928871444138935
    ],
    "p95_range": [
      -3.9938993117036254,
      -3.6928871444138935
    ],
    "std": 0.07952261379375856
  },
  "Ti thickness": {
    "best": 23.713026675800577,
    "index": 11,
    "integer": false,
    "label": "Ti thickness",
    "mean": 23.852595513608037,
    "median": 23.83969895373958,
    "p68": [
      23.593862225522834,
      24.088741008690942
    ],
    "p68_range": [
      23.593862225522834,
      24.088741008690942
    ],
    "p95": [
      23.41390211177904,
      24.386938409044507
    ],
    "p95_range": [
      23.41390211177904,
      24.386938409044507
    ],
    "std": 0.2503448834043077
  },
  "ionomer interface": {
    "best": 10.395529436702896,
    "index": 3,
    "integer": false,
    "label": "ionomer interface",
    "mean": 10.394095715360235,
    "median": 10.387406897915112,
    "p68": [
      10.293172661119998,
      10.500431207264969
    ],
    "p68_range": [
      10.293172661119998,
      10.500431207264969
    ],
    "p95": [
      10.205085493445628,
      10.590782431299187
    ],
    "p95_range": [
      10.205085493445628,
      10.590782431299187
    ],
    "std": 0.10077408160079455
  },
  "ionomer rho": {
    "best": 0.2098789810410527,
    "index": 4,
    "integer": false,
    "label": "ionomer rho",
    "mean": 0.20602160259485836,
    "median": 0.20629542018673033,
    "p68": [
      0.19273989423928642,
      0.21859223368266673
    ],
    "p68_range": [
      0.19273989423928642,
      0.21859223368266673
    ],
    "p95": [
      0.18123976514713855,
      0.23265224979752225
    ],
    "p95_range": [
      0.18123976514713855,
      0.23265224979752225
    ],
    "std": 0.012944015455723079
  },
  "ionomer thickness": {
    "best": 430.24475669884833,
    "index": 5,
    "integer": false,
    "label": "ionomer thickness",
    "mean": 429.09790248883496,
    "median": 429.2190490001005,
    "p68": [
      426.55975639127183,
      431.52858607047244
    ],
    "p68_range": [
      426.55975639127183,
      431.52858607047244
    ],
    "p95": [
      423.7817294767671,
      433.50608547215234
    ],
    "p95_range": [
      423.7817294767671,
      433.50608547215234
    ],
    "std": 2.4790145583158503
  },
  "theta_offset": {
    "best": 0.032109303447313005,
    "index": 2,
    "integer": false,
    "label": "theta_offset",
    "mean": 0.03272356575969956,
    "median": 0.03271123962588635,
    "p68": [
      0.031491932889033236,
      0.03393807188224463
    ],
    "p68_range": [
      0.031491932889033236,
      0.03393807188224463
    ],
    "p95": [
      0.030101696095687344,
      0.03526083008646091
    ],
    "p95_range": [
      0.030101696095687344,
      0.03526083008646091
    ],
    "std": 0.001292331528966779
  }
}