{
  "Cu interface": {
    "best": 4.84833949637373,
    "index": 7,
    "integer": false,
    "label": "Cu interface",
    "mean": 4.858358688970747,
    "median": 4.857646213546963,
    "p68": [
      4.794967966662192,
      4.920810817163955
    ],
    "p68_range": [
      4.794967966662192,
      4.920810817163955
    ],
    "p95": [
      4.734337635169659,
      4.986645492729686
    ],
    "p95_range": [
      4.734337635169659,
      4.986645492729686
    ],
    "std": 0.06378886961404569
  },
  "Cu rho": {
    "best": 6.308699777978574,
    "index": 8,
    "integer": false,
    "label": "Cu rho",
    "mean": 6.306659131613789,
    "median": 6.306675367692294,
    "p68": [
      6.304558706060851,
      6.3087661972596765
    ],
    "p68_range": [
      6.304558706060851,
      6.3087661972596765
    ],
    "p95": [
      6.302411346252954,
      6.310721043565056
    ],
    "p95_range": [
      6.302411346252954,
      6.310721043565056
    ],
    "std": 0.002119339256198036
  },
  "Cu thickness": {
    "best": 506.12194930737314,
    "index": 24,
    "integer": false,
    "label": "Cu thickness",
    "mean": 506.50272037603094,
    "median": 506.3567547959156,
    "p68": [
      505.59272881653607,
      507.3423918501133
    ],
    "p68_range": [
      505.59272881653607,
      507.3423918501133
    ],
    "p95": [
      504.9718084409891,
      508.86539084106687
    ],
    "p95_range": [
      504.9718084409891,
      508.86539084106687
    ],
    "std": 1.05164179667677
  },
  "THF interface": {
    "best": 10.282692746095355,
    "index": 20,
    "integer": false,
    "label": "THF interface",
    "mean": 12.930228545611202,
    "median": 12.687729000859035,
    "p68": [
      10.529163728895842,
      15.183362475921907
    ],
    "p68_range": [
      10.529163728895842,
      15.183362475921907
    ],
    "p95": [
      8.589645886449658,
      19.099549271850723
    ],
    "p95_range": [
      8.589645886449658,
      19.099549271850723
    ],
    "std": 2.637515088408645
  },
  "THF rho": {
    "best": 5.882924530349208,
    "index": 3,
    "integer": false,
    "label": "THF rho",
    "mean": 5.879737544525157,
    "median": 5.879967526368226,
    "p68": [
      5.875859389524524,
      5.883597757883623
    ],
    "p68_range": [
      5.875859389524524,
      5.883597757883623
    ],
    "p95": [
      5.8716722010529,
      5.886675220569598
    ],
    "p95_range": [
      5.8716722010529,
      5.886675220569598
    ],
    "std": 0.0038365653634855014
  },
  "Ti interface": {
    "best": 9.116895367425748,
    "index": 10,
    "integer": false,
    "label": "Ti interface",
    "mean": 9.125455518595261,
    "median": 9.124715444488798,
    "p68": [
      8.990802240166138,
      9.262877810258114
    ],
    "p68_range": [
      8.990802240166138,
      9.262877810258114
    ],
    "p95": [
      8.860707886373397,
      9.39678754883427
    ],
    "p95_range": [
      8.860707886373397,
      9.39678754883427
    ],
    "std": 0.13566443074377546
  },
  "Ti rho": {
    "best": -1.3513461082361682,
    "index": 11,
    "integer": false,
    "label": "Ti rho",
    "mean": -1.3553539709778084,
    "median": -1.354849054334443,
    "p68": [
      -1.3750086736760796,
      -1.3358540125658813
    ],
    "p68_range": [
      -1.3750086736760796,
      -1.3358540125658813
    ],
    "p95": [
      -1.3956766585925142,
      -1.316762258545478
    ],
    "p95_range": [
      -1.3956766585925142,
      -1.316762258545478
    ],
    "std": 0.019898295407739585
  },
  "Ti thickness": {
    "best": 36.688485277355426,
    "index": 12,
    "integer": false,
    "label": "Ti thickness",
    "mean": 36.66987878070878,
    "median": 36.673857686613154,
    "p68": [
      36.530700398430305,
      36.81094706968002
    ],
    "p68_range": [
      36.530700398430305,
      36.81094706968002
    ],
    "p95": [
      36.38387233998648,
      36.93709479733417
    ],
    "p95_range": [
      36.38387233998648,
      36.93709479733417
    ],
    "std": 0.14135180325758398
  },
  "intensity": {
    "best": 1.0037620174186657,
    "index": 19,
    "integer": false,
    "label": "intensity",
    "mean": 1.0039775018452015,
    "median": 1.0039853533748186,
    "p68": [
      1.002021216453774,
      1.00590204027834
    ],
    "p68_range": [
      1.002021216453774,
      1.00590204027834
    ],
    "p95": [
      1.0001699089686438,
      1.0076939943988457
    ],
    "p95_range": [
      1.0001699089686438,
      1.0076939943988457
    ],
    "std": 0.0019446171444853784
  },
  "material interface": {
    "best": 13.206625136231777,
    "index": 21,
    "integer": false,
    "label": "material interface",
    "mean": 13.319264319618824,
    "median": 13.225599314783818,
    "p68": [
      12.301739224567335,
      14.310123421526178
    ],
    "p68_range": [
      12.301739224567335,
      14.310123421526178
    ],
    "p95": [
      11.466308498535195,
      15.758488529035185
    ],
    "p95_range": [
      11.466308498535195,
      15.758488529035185
    ],
    "std": 1.0706675914407722
  },
  "material rho": {
    "best": 5.544362676665449,
    "index": 22,
    "integer": false,
    "label": "material rho",
    "mean": 5.530506163165137,
    "median": 5.538170878946759,
    "p68": [
      5.509283670077923,
      5.558040693304923
    ],
    "p68_range": [
      5.509283670077923,
      5.558040693304923
    ],
    "p95": [
      5.441155473947749,
      5.573570459931981
    ],
    "p95_range": [
      5.441155473947749,
      5.573570459931981
    ],
    "std": 0.041399323012646295
  },
  "material thickness": {
    "best": 56.84892406905712,
    "index": 23,
    "integer": false,
    "label": "material thickness",
    "mean": 55.68588719324339,
    "median": 56.280620470934004,
    "p68": [
      53.32443380981344,
      58.40435198603911
    ],
    "p68_range": [
      53.32443380981344,
      58.40435198603911
    ],
    "p95": [
      47.36094300698511,
      60.098884570188616
    ],
    "p95_range": [
      47.36094300698511,
      60.098884570188616
    ],
    "std": 3.4796623195949086
  }
}